PA_10000ft,,PA_9000ft,,PA_8000ft,,PA_7000ft,,PA_6000ft,,PA_5000ft,,PA_4000ft,,PA_3000ft,,PA_2000ft,,PA_1000ft,,PA_0ft,,PA_-1000ft,
X,Y,X,Y,X,Y,X,Y,X,Y,X,Y,X,Y,X,Y,X,Y,X,Y,X,Y,X,Y
6.078605200945627,-44.99759730898609,6.57033835342392,-44.92071119654014,7.123529842785623,-44.92071119654014,7.676721332147324,-44.92071119654014,8.291378542549214,-44.92071119654014,8.921402183211153,-44.92071119654014,9.597525114653234,-44.92071119654014,10.30438090661541,-44.92071119654014,11.088076234034599,-44.84382508409419,11.902482269503544,-44.99759730898609,12.778368794326237,-44.99759730898609,13.316208621741456,-44.84382508409419
5.971534927629583,-39.84622777510813,6.44790164984783,-39.769341662662185,6.985719324792705,-39.84622777510813,7.554277244414453,-39.84622777510813,8.122827779879422,-39.92311388755408,8.783584281061454,-39.92311388755408,9.413615305880175,-39.84622777510813,10.135822759788834,-40,10.873418796427885,-39.92311388755408,11.703213414627218,-39.84622777510813,12.548359694773037,-39.92311388755408,13.024719032834504,-39.92311388755408
5.864442501843198,-34.92551657856801,6.340801839904663,-34.92551657856801,6.8632604687462715,-34.92551657856801,7.401085527847926,-34.92551657856801,7.9850098777297225,-34.92551657856801,8.615033518391662,-34.92551657856801,9.275797403730476,-34.84863046612206,9.951912951015775,-34.92551657856801,10.689501603498044,-34.92551657856801,11.503922407280552,-34.92551657856801,12.302984164959788,-34.84863046612206,12.733236828084333,-34.92551657856801
5.757357460213595,-29.927919269581935,6.2337167982750605,-29.927919269581935,6.725449950753354,-29.851033157136,7.278634055958276,-29.927919269581935,7.847184591423244,-30.004805382027882,8.461849185981915,-29.927919269581935,9.091872826643854,-29.927919269581935,9.783362188345983,-29.927919269581935,10.505577026411423,-30.004805382027882,11.289264969673837,-30.004805382027882,12.05760863514654,-29.774147044690068,12.503220344374348,-29.927919269581935
5.6961354163471585,-27.39067755886593,6.126639140802237,-24.853435848149942,6.602998478863703,-24.853435848149942,7.125457107705311,-24.853435848149942,7.694015027327061,-24.853435848149942,8.293305807468904,-24.853435848149942,8.923329448130843,-24.853435848149942,9.61481142567619,-24.930321960595876,10.337041032055193,-24.853435848149942,11.090003498954289,-24.776549735703995,11.796851906759684,-24.853435848149942,12.227111954041007,-24.853435848149942
5.5888140817005825,-24.853435848149942,5.850523366312113,-19.85583853916387,6.526380468110099,-22.623738587217687,6.972272775295564,-19.85583853916387,7.55619712517736,-19.85583853916387,8.155480521162424,-19.932724651609817,8.770145115721096,-19.85583853916387,9.446268047163176,-19.85583853916387,10.137757408865305,-19.85583853916387,10.906078921867667,-19.85583853916387,11.566828038892922,-19.932724651609817,11.997088086174244,-19.932724651609817
5.358797597990599,-19.85583853916387,5.605140452342083,-14.85824123017781,6.388348425413768,-19.85583853916387,6.696157000805441,-14.85824123017781,7.310814211207332,-14.85824123017781,7.925471421609223,-14.85824123017781,8.586227922791256,-14.85824123017781,9.246984423973291,-14.85824123017781,9.923107355415372,-14.85824123017781,10.676062438157686,-14.85824123017781,11.336818939339718,-14.85824123017781,11.736346126100948,-14.85824123017781
5.098048253760523,-14.85824123017781,5.344391108112007,-9.860643921191738,6.112225266766864,-14.935127342623744,6.389300981638443,-9.937530033637685,6.957858901260193,-9.937530033637685,7.587889926078909,-9.860643921191738,8.264012857520989,-9.860643921191738,8.970868649483165,-9.860643921191738,9.723808963911921,-10.014416146083619,10.461405000550972,-9.937530033637685,11.13753531614983,-9.860643921191738,11.552421549014326,-9.937530033637685
4.883390816153809,-9.937530033637685,4.8382588499119015,0.13455069678039422,5.83610949227674,-9.937530033637685,6.082467114941784,-4.786160499759731,6.651010266249972,-4.939932724651612,7.265674860808645,-4.863046612205679,7.895698501470583,-4.863046612205679,8.602546909275976,-4.939932724651612,9.309410085394934,-4.863046612205679,10.093105412814126,-4.786160499759731,10.907518832439852,-4.863046612205679,11.322412449461126,-4.863046612205679
4.653381716600607,-4.863046612205679,4.59287593594187,5.132148005766453,5.560008486100176,-4.786160499759731,5.775611095774786,0.13455069678039422,6.344169015396534,0.13455069678039422,6.928093365278332,0.13455069678039422,7.542743191523441,0.057664584334446545,8.218873507122304,0.13455069678039422,8.910355484667651,0.057664584334446545,9.678684381826795,0.13455069678039422,10.462372325089206,0.13455069678039422,11.123128826271241,0.13455069678039422
4.392632372370529,0.13455069678039422,4.3167601614517475,10.129745314752512,5.283885327453272,0.13455069678039422,5.514861751544708,5.132148005766453,6.021946565969489,5.05526189332052,6.57513805533119,5.05526189332052,7.174436219629814,5.132148005766453,7.804452476134974,5.05526189332052,8.480582791733834,5.132148005766453,9.218171444216104,5.132148005766453,10.001852003321734,5.05526189332052,11.015807491624663,2.6717924074963832
4.177982318920594,5.132148005766453,4.040644386961623,15.127342623738585,5.023135983223194,5.132148005766453,5.223372162637756,10.052859202306578,5.699746269012782,10.20663142719846,6.206823699280782,10.052859202306578,6.79076281747614,10.20663142719846,7.420771689824517,10.052859202306578,8.050817482956798,10.283517539644393,8.75766589076219,10.20663142719846,9.525972635450994,10.052859202306578,10.86237948204116,5.132148005766453
3.917232974690518,10.129745314752512,3.733795751951406,20.124939932724644,4.747020208733072,10.129745314752512,4.870439005160958,15.204228736184518,5.346790959065642,15.127342623738585,5.838509343230375,15.050456511292637,6.391715600905639,15.204228736184518,7.006372811307529,15.204228736184518,7.62103002170942,15.204228736184518,8.29713818483794,15.050456511292637,9.004001360956895,15.127342623738585,10.325034393130235,10.129745314752512
3.625758154097128,15.204228736184518,3.580345589897564,22.354637193656885,4.4248125276195855,15.204228736184518,4.50211726495377,20.124939932724644,4.963117556911967,20.20182604517059,5.470202371336748,20.124939932724644,5.961928139658261,20.124939932724644,6.561218919800106,20.124939932724644,7.114410409161807,20.124939932724644,7.7598004800837925,20.124939932724644,8.451289841785922,20.124939932724644,9.772330258116039,15.204228736184518
3.3496349954502227,20.124939932724644,,,4.117956508452587,20.124939932724644,4.179909583840284,25.19942335415665,4.594795816704779,25.122537241710717,5.0404296784029325,25.19942335415665,5.532148062567663,25.122537241710717,6.069973121669318,25.122537241710717,6.607790796614194,25.04565112926477,7.237829205589693,25.19942335415665,7.898578322614944,25.122537241710717,9.142786587644828,20.20182604517059
,,,,3.8263856938210514,24.199903892359444,4.07245533437166,26.352715040845744,4.34921353050168,28.04420951465641,4.610627448841993,29.966362325804894,5.087001555217021,30.120134550696775,5.563360893278486,30.120134550696775,6.070467860173607,30.273906775588657,6.654377441741842,30.120134550696775,7.2536534535701245,29.966362325804894,8.6054414987339,25.19942335415665
,,,,,,,,,,,,4.902796380172744,32.1191734742912,5.194935774876371,33.96444017299375,5.502463752310388,36.040365209034114,6.117039736987697,35.19461797212878,6.700956702712712,35.11773185968284,7.929791153325767,30.120134550696775
,,,,,,,,,,,,,,,,,,5.825343391690892,37.9625180201826,6.1482377993849555,40.03844305622297,7.284888436751289,35.19461797212878
,,,,,,,,,,,,,,,,,,,,,,6.716795719006705,40.03844305622297
